{
  "Acessar Amazon" : {
    "transaction" : "Acessar Amazon",
    "sampleCount" : 10,
    "errorCount" : 10,
    "errorPct" : 100.0,
    "meanResTime" : 1216.4,
    "medianResTime" : 1170.0,
    "minResTime" : 891.0,
    "maxResTime" : 1905.0,
    "pct1ResTime" : 1855.6000000000001,
    "pct2ResTime" : 1905.0,
    "pct3ResTime" : 1905.0,
    "throughput" : 5.243838489774515,
    "receivedKBytesPerSec" : 11.85906364708967,
    "sentKBytesPerSec" : 0.0
  },
  "Acessar Facebook" : {
    "transaction" : "Acessar Facebook",
    "sampleCount" : 10,
    "errorCount" : 0,
    "errorPct" : 0.0,
    "meanResTime" : 1001.1,
    "medianResTime" : 1085.5,
    "minResTime" : 402.0,
    "maxResTime" : 1143.0,
    "pct1ResTime" : 1142.0,
    "pct2ResTime" : 1143.0,
    "pct3ResTime" : 1143.0,
    "throughput" : 7.067137809187279,
    "receivedKBytesPerSec" : 1397.2414697438162,
    "sentKBytesPerSec" : 0.8143772084805654
  },
  "Acessar Youtube" : {
    "transaction" : "Acessar Youtube",
    "sampleCount" : 10,
    "errorCount" : 0,
    "errorPct" : 0.0,
    "meanResTime" : 2146.9,
    "medianResTime" : 2251.5,
    "minResTime" : 1064.0,
    "maxResTime" : 2685.0,
    "pct1ResTime" : 2672.7,
    "pct2ResTime" : 2685.0,
    "pct3ResTime" : 2685.0,
    "throughput" : 3.7243947858473,
    "receivedKBytesPerSec" : 1617.3748108705772,
    "sentKBytesPerSec" : 0.4255412011173184
  },
  "Total" : {
    "transaction" : "Total",
    "sampleCount" : 40,
    "errorCount" : 10,
    "errorPct" : 25.0,
    "meanResTime" : 1193.4,
    "medianResTime" : 1089.5,
    "minResTime" : 221.0,
    "maxResTime" : 2685.0,
    "pct1ResTime" : 2408.0,
    "pct2ResTime" : 2556.2499999999995,
    "pct3ResTime" : 2685.0,
    "throughput" : 7.067137809187279,
    "receivedKBytesPerSec" : 1145.30835909894,
    "sentKBytesPerSec" : 0.6056067800353356
  },
  "Acessar Google" : {
    "transaction" : "Acessar Google",
    "sampleCount" : 10,
    "errorCount" : 0,
    "errorPct" : 0.0,
    "meanResTime" : 409.2,
    "medianResTime" : 342.5,
    "minResTime" : 221.0,
    "maxResTime" : 652.0,
    "pct1ResTime" : 651.7,
    "pct2ResTime" : 652.0,
    "pct3ResTime" : 652.0,
    "throughput" : 10.15228426395939,
    "receivedKBytesPerSec" : 142.21526015228426,
    "sentKBytesPerSec" : 1.1500634517766497
  }
}